id,first_name,last_name,email,gender,ip_address
1,Bentlee,Blaszczynski,bblaszczynski0@theguardian.com,Male,96.13.4.29
2,Dorelle,M'Chirrie,dmchirrie1@java.com,Female,79.31.111.250
3,Keefe,Basketfield,kbasketfield2@ovh.net,Genderfluid,224.222.92.87
4,Indira,Waliszek,iwaliszek3@gmpg.org,Non-binary,84.148.234.88
5,Brooks,Imms,bimms4@vinaora.com,Male,116.107.1.91
6,Rutherford,Maddison,rmaddison5@over-blog.com,Male,95.19.111.11
7,Randy,Brisland,rbrisland6@hibu.com,Male,120.112.167.190
8,Ellyn,Hammor,ehammor7@homestead.com,Female,49.97.69.25
9,Care,Davidi,cdavidi8@bravesites.com,Male,114.213.151.235
10,Christiana,Carbett,ccarbett9@cnbc.com,Female,165.46.143.230
11,Ellissa,Halpine,ehalpinea@tinyurl.com,Female,64.197.136.147
12,Rockwell,Huson,rhusonb@cmu.edu,Male,40.66.236.64
13,Bastian,Ingles,binglesc@cyberchimps.com,Male,203.33.161.234
14,Paten,Robertshaw,probertshawd@goo.ne.jp,Male,36.9.187.236
15,Glenna,Spurden,gspurdene@baidu.com,Female,124.39.58.83
16,Alla,Eddowis,aeddowisf@nsw.gov.au,Female,84.121.250.82
17,Brnaby,Kanwell,bkanwellg@comcast.net,Male,132.143.227.12
18,Theresita,Kingsnod,tkingsnodh@shutterfly.com,Agender,253.14.121.105
19,Aland,Caldecutt,acaldecutti@rediff.com,Male,22.72.182.131
20,Anthea,Mathen,amathenj@reverbnation.com,Female,33.17.247.37
21,Dorene,Bertin,dbertink@yale.edu,Genderqueer,198.132.131.211
22,Arlie,Nimmo,animmol@weebly.com,Female,208.204.191.69
23,Elyse,Dollen,edollenm@aol.com,Female,122.55.9.200
24,Ansel,Krook,akrookn@studiopress.com,Male,51.220.45.171
25,Stewart,Conochie,sconochieo@booking.com,Male,253.234.219.102
26,Catlee,Kimmitt,ckimmittp@foxnews.com,Female,117.163.129.161
27,Brenna,Andri,bandriq@icio.us,Genderfluid,202.111.109.111
28,Daren,Sellner,dsellnerr@google.nl,Male,46.101.74.110
29,Corly,Willerstone,cwillerstones@com.com,Female,247.7.107.191
30,Herta,Borland,hborlandt@phoca.cz,Female,254.211.76.189
31,Norene,McMahon,nmcmahonu@slideshare.net,Female,127.190.240.93
32,Dario,Iggalden,diggaldenv@weebly.com,Male,33.132.245.118
33,Evangeline,Beaston,ebeastonw@psu.edu,Female,6.11.78.86
34,Joby,Bullick,jbullickx@storify.com,Female,124.95.139.151
35,Haleigh,Lowthian,hlowthiany@themeforest.net,Female,91.243.149.238
36,Chalmers,Smewing,csmewingz@free.fr,Non-binary,239.149.44.76
37,Tomkin,Denne,tdenne10@chronoengine.com,Male,91.188.148.159
38,Kelcey,Krale,kkrale11@mapy.cz,Non-binary,62.228.222.85
39,Orville,Sleight,osleight12@live.com,Male,13.36.233.205
40,Farlie,Meynell,fmeynell13@wp.com,Male,5.201.95.215
41,Gill,Skoate,gskoate14@cornell.edu,Male,253.242.50.138
42,Ingaborg,Birt,ibirt15@a8.net,Female,11.142.250.207
43,Jdavie,Bahde,jbahde16@w3.org,Male,21.243.94.30
44,Wileen,Rangle,wrangle17@psu.edu,Female,36.234.45.24
45,Fabien,Treece,ftreece18@shop-pro.jp,Male,10.199.179.21
46,Amalita,Rosas,arosas19@weebly.com,Female,170.143.253.228
47,Fredia,Furby,ffurby1a@icq.com,Female,240.235.123.229
48,Perceval,Guillard,pguillard1b@php.net,Male,169.136.26.150
49,Berte,Shay,bshay1c@abc.net.au,Female,227.6.175.252
50,Abagael,Mallatratt,amallatratt1d@npr.org,Female,42.76.41.69
51,Rex,Jurzyk,rjurzyk1e@seesaa.net,Male,94.9.184.181
52,Georgette,Gooday,ggooday1f@ucoz.ru,Female,35.152.167.84
53,Gabriel,McPhelim,gmcphelim1g@wsj.com,Female,18.99.11.26
54,Kearney,Lauchlan,klauchlan1h@jigsy.com,Male,186.197.94.32
55,Brana,Ribbens,bribbens1i@umich.edu,Non-binary,104.38.85.194
56,Annis,Goseling,agoseling1j@dailymotion.com,Female,27.212.136.42
57,Eldon,Furber,efurber1k@chronoengine.com,Male,240.230.202.134
58,Elijah,Elliman,eelliman1l@statcounter.com,Male,74.133.60.212
59,Torrence,Benini,tbenini1m@github.io,Polygender,225.107.35.157
60,George,Reese,greese1n@simplemachines.org,Male,46.168.200.77
61,Bart,Palfreyman,bpalfreyman1o@adobe.com,Male,11.56.130.202
62,Bernelle,Batter,bbatter1p@cnn.com,Female,149.187.159.146
63,Cathryn,Leghorn,cleghorn1q@reference.com,Female,73.126.204.191
64,Tomkin,Ronnay,tronnay1r@nih.gov,Male,107.209.120.14
65,Abrahan,Seccombe,aseccombe1s@netlog.com,Male,210.42.22.171
66,Lucas,Conaghy,lconaghy1t@cdc.gov,Agender,16.246.103.143
67,Errick,Blunden,eblunden1u@redcross.org,Male,198.170.123.218
68,Salomon,Wrightson,swrightson1v@xrea.com,Male,231.28.152.212
69,William,Dodshun,wdodshun1w@epa.gov,Male,199.18.17.59
70,Rudie,Aitchinson,raitchinson1x@bandcamp.com,Male,231.54.6.179
71,Ches,Beltzner,cbeltzner1y@sphinn.com,Male,116.0.200.166
72,Teri,Cowerd,tcowerd1z@sciencedirect.com,Female,199.246.14.224
73,Cordy,Bond,cbond20@wordpress.com,Male,23.250.146.3
74,Leonanie,Skellen,lskellen21@marketwatch.com,Genderqueer,21.172.128.47
75,Anitra,Caldeyroux,acaldeyroux22@usnews.com,Female,200.34.156.18
76,Nathanael,Streeting,nstreeting23@symantec.com,Genderqueer,227.81.91.7
77,Tybalt,Crumpe,tcrumpe24@dailymail.co.uk,Male,80.10.212.210
78,Eudora,Gulk,egulk25@amazonaws.com,Female,154.241.197.155
79,Camala,Ranner,cranner26@mozilla.com,Female,116.93.187.102
80,Bobbi,Bellenger,bbellenger27@usgs.gov,Female,43.1.216.73
81,Nerta,Brierley,nbrierley28@ustream.tv,Female,73.91.172.150
82,Grace,Terzza,gterzza29@reuters.com,Female,28.174.206.202
83,Yetty,Malster,ymalster2a@tinyurl.com,Female,211.162.245.219
84,Mellie,Foch,mfoch2b@wix.com,Female,150.142.224.150
85,Lucio,McBryde,lmcbryde2c@phpbb.com,Bigender,93.42.43.234
86,Lorettalorna,Powdrell,lpowdrell2d@sciencedirect.com,Female,169.169.137.20
87,Aldus,Pritchett,apritchett2e@hp.com,Male,89.82.5.139
88,Dorothea,Glayzer,dglayzer2f@yellowpages.com,Female,148.102.226.7
89,Adan,Enocksson,aenocksson2g@xing.com,Male,185.45.110.86
90,Daria,Colbran,dcolbran2h@blogs.com,Female,231.103.244.170
91,Sergei,Cliffe,scliffe2i@imdb.com,Male,175.81.67.194
92,Dorothy,Surplice,dsurplice2j@bloglovin.com,Female,186.86.216.151
93,Babette,Cordingley,bcordingley2k@blinklist.com,Female,254.30.152.131
94,Marv,Carillo,mcarillo2l@blogs.com,Male,185.142.210.98
95,Katrine,Scoggan,kscoggan2m@163.com,Female,123.163.157.174
96,Chen,Bradman,cbradman2n@mashable.com,Male,66.94.168.90
97,Jesus,Lait,jlait2o@tripod.com,Male,75.255.4.119
98,Claudina,Thirtle,cthirtle2p@rakuten.co.jp,Female,116.102.95.64
99,Nowell,Whoston,nwhoston2q@msu.edu,Male,54.5.142.125
100,Aurore,Sawood,asawood2r@indiatimes.com,Genderfluid,232.106.56.37
101,Hulda,Bess,hbess2s@youtube.com,Female,52.45.114.144
102,Ruddy,Feldbau,rfeldbau2t@bravesites.com,Male,101.224.22.101
103,Port,Bruggen,pbruggen2u@icq.com,Male,127.55.238.186
104,Taite,Tilling,ttilling2v@un.org,Male,178.89.134.57
105,Antonella,Braddon,abraddon2w@behance.net,Female,218.148.237.226
106,Allina,Creese,acreese2x@forbes.com,Female,42.27.187.252
107,Gayelord,Timms,gtimms2y@senate.gov,Male,67.185.229.54
108,Davine,Dowsett,ddowsett2z@diigo.com,Female,75.107.169.101
109,Bailie,Brierley,bbrierley30@house.gov,Male,191.130.95.95
110,Serene,Lampert,slampert31@usnews.com,Female,6.89.208.108
111,Sauveur,Rabat,srabat32@tripod.com,Male,129.234.243.231
112,Milicent,Archell,marchell33@sitemeter.com,Female,34.161.178.17
113,Natka,Pitcaithley,npitcaithley34@ed.gov,Female,10.206.110.229
114,Wilmette,Gladman,wgladman35@census.gov,Female,243.184.231.164
115,Pyotr,Giacovetti,pgiacovetti36@feedburner.com,Male,190.49.220.162
116,Rosetta,Grabban,rgrabban37@webeden.co.uk,Female,41.222.225.223
117,Pooh,Harsant,pharsant38@illinois.edu,Male,135.67.57.39
118,Lorene,Burfitt,lburfitt39@si.edu,Female,240.74.118.211
119,Arleta,Wordsley,awordsley3a@is.gd,Female,130.94.155.165
120,Marje,Gerling,mgerling3b@state.tx.us,Female,54.207.179.102
121,Ambur,McGreal,amcgreal3c@wikipedia.org,Female,98.242.120.117
122,Kary,Fotherby,kfotherby3d@prnewswire.com,Female,39.208.192.135
123,Trudie,Pidgeley,tpidgeley3e@hatena.ne.jp,Female,13.86.116.144
124,Morten,Burdoun,mburdoun3f@accuweather.com,Male,193.181.21.242
125,Madella,Havelin,mhavelin3g@netlog.com,Female,69.244.192.230
126,Nellie,Durman,ndurman3h@spotify.com,Female,209.213.193.10
127,Rosabella,Ritchley,rritchley3i@ucoz.ru,Female,37.197.0.214
128,Jaymee,Battman,jbattman3j@microsoft.com,Female,36.49.170.132
129,Margo,Delbergue,mdelbergue3k@bloglines.com,Female,38.114.187.223
130,Caitrin,Collet,ccollet3l@yolasite.com,Female,35.186.246.158
131,Lorrie,Killigrew,lkilligrew3m@bloglovin.com,Female,122.184.106.13
132,Adolf,Formilli,aformilli3n@merriam-webster.com,Male,201.77.80.175
133,Desirae,Gawn,dgawn3o@google.ca,Non-binary,22.100.167.16
134,Thorvald,Grunwall,tgrunwall3p@prweb.com,Male,4.28.228.92
135,Humfrid,Fitchett,hfitchett3q@army.mil,Bigender,126.36.55.176
136,Virgie,Sharpling,vsharpling3r@netlog.com,Male,86.38.175.217
137,Shane,Shewen,sshewen3s@soup.io,Female,138.238.107.88
138,Terese,Grinstead,tgrinstead3t@opensource.org,Female,28.224.175.159
139,Laure,Drogan,ldrogan3u@google.nl,Female,0.218.214.140
140,Devlin,Cesconi,dcesconi3v@addtoany.com,Male,188.90.21.67
141,Chauncey,Lillicrap,clillicrap3w@canalblog.com,Male,79.94.146.132
142,Rosa,Razzell,rrazzell3x@latimes.com,Female,109.154.96.212
143,Shea,Ianittello,sianittello3y@huffingtonpost.com,Male,17.48.51.75
144,Shannon,Belitz,sbelitz3z@mail.ru,Male,62.225.59.180
145,Adelbert,Grishelyov,agrishelyov40@ebay.com,Male,89.118.25.128
146,Blanche,Camock,bcamock41@google.ru,Female,192.143.236.103
147,Aldric,Hallex,ahallex42@nationalgeographic.com,Male,81.68.219.9
148,Lawton,Schouthede,lschouthede43@mlb.com,Male,237.110.196.214
149,Rheta,Scholey,rscholey44@slideshare.net,Female,79.21.95.210
150,Ignaz,Spur,ispur45@netscape.com,Male,137.196.142.0
151,Lyman,Barsham,lbarsham46@icq.com,Male,246.18.13.133
152,Thea,Hollingsbee,thollingsbee47@artisteer.com,Female,244.255.169.34
153,Tobiah,Deme,tdeme48@mlb.com,Male,241.101.204.149
154,Annabella,Repp,arepp49@ftc.gov,Female,226.55.127.79
155,Ben,Bennion,bbennion4a@artisteer.com,Male,45.191.63.79
156,Reynard,Anney,ranney4b@marketwatch.com,Male,195.70.115.162
157,Clarice,Cornewell,ccornewell4c@usnews.com,Female,7.87.239.93
158,Goldi,Sinton,gsinton4d@baidu.com,Female,195.197.211.107
159,Leyla,Smither,lsmither4e@blogs.com,Bigender,191.20.49.78
160,Almira,Raisher,araisher4f@free.fr,Female,71.222.37.171
161,Warde,Hackinge,whackinge4g@nih.gov,Male,8.48.222.249
162,Mala,MacAirt,mmacairt4h@friendfeed.com,Female,116.209.18.103
163,Hillyer,Goad,hgoad4i@cisco.com,Male,133.182.31.186
164,Wilfrid,Nuss,wnuss4j@about.com,Male,212.168.211.191
165,Hagan,Comer,hcomer4k@wikipedia.org,Male,248.30.222.113
166,Lucy,Mirando,lmirando4l@vinaora.com,Female,213.140.171.163
167,Catlee,Hutcheons,chutcheons4m@sourceforge.net,Female,24.149.34.224
168,Morissa,Noor,mnoor4n@slideshare.net,Female,50.120.136.179
169,Gwenny,Pitone,gpitone4o@yale.edu,Female,7.144.184.159
170,Rice,Bolesworth,rbolesworth4p@aboutads.info,Male,29.211.86.122
171,Rayshell,Clemmitt,rclemmitt4q@drupal.org,Female,235.45.39.58
172,Bradley,Veale,bveale4r@fotki.com,Male,54.196.171.39
173,Douglass,Armand,darmand4s@geocities.jp,Male,134.184.38.177
174,Mirelle,Arnoud,marnoud4t@csmonitor.com,Female,72.115.46.222
175,Bryce,Wison,bwison4u@discuz.net,Male,69.76.20.152
176,Kenton,Gallager,kgallager4v@unicef.org,Male,175.220.144.225
177,Ailbert,Itzakson,aitzakson4w@businessinsider.com,Non-binary,234.159.245.44
178,Gert,Flieg,gflieg4x@odnoklassniki.ru,Bigender,186.241.79.13
179,Glynis,Barthel,gbarthel4y@netlog.com,Female,169.3.139.141
180,Bradford,Gretham,bgretham4z@usda.gov,Male,85.219.227.53
181,Krystal,Pietrowicz,kpietrowicz50@barnesandnoble.com,Female,52.1.181.194
182,Franny,Dolan,fdolan51@php.net,Male,120.244.45.117
183,Robbyn,Yurkin,ryurkin52@hugedomains.com,Genderqueer,5.36.190.145
184,Victor,Duckerin,vduckerin53@adobe.com,Male,17.230.98.60
185,Nathan,Zanazzi,nzanazzi54@cloudflare.com,Male,14.166.111.38
186,Roana,Salleir,rsalleir55@hugedomains.com,Female,39.251.131.1
187,Violette,Tunnah,vtunnah56@facebook.com,Female,94.137.107.55
188,Mattheus,Sheircliffe,msheircliffe57@blogspot.com,Male,99.145.191.103
189,Harcourt,Johansen,hjohansen58@nymag.com,Male,209.68.74.241
190,Mahmoud,Davson,mdavson59@google.com.au,Male,209.43.232.76
191,Anthiathia,Facey,afacey5a@storify.com,Female,85.226.62.166
192,Lin,Sclanders,lsclanders5b@plala.or.jp,Male,102.182.147.76
193,Hoyt,Hindrich,hhindrich5c@t-online.de,Male,20.151.22.204
194,Michele,Bunhill,mbunhill5d@e-recht24.de,Male,203.63.146.134
195,Bay,Shatford,bshatford5e@hibu.com,Male,97.60.55.167
196,Bonnie,Beggs,bbeggs5f@fema.gov,Female,226.181.131.99
197,Reinaldo,Gartan,rgartan5g@va.gov,Male,94.133.221.181
198,Evelyn,Bligh,ebligh5h@bandcamp.com,Male,65.200.124.235
199,Elvyn,Cheale,echeale5i@paypal.com,Male,205.30.4.119
200,Cris,Noe,cnoe5j@360.cn,Male,144.126.25.64
201,Buffy,Iacovaccio,biacovaccio5k@tuttocitta.it,Female,183.147.52.140
202,Lark,Rankling,lrankling5l@so-net.ne.jp,Agender,108.207.38.21
203,Koren,Maloney,kmaloney5m@dell.com,Female,210.228.56.81
204,Olivier,Witherspoon,owitherspoon5n@ask.com,Male,195.156.216.32
205,Ashia,Slack,aslack5o@mediafire.com,Female,237.107.19.88
206,Dale,Leonard,dleonard5p@kickstarter.com,Female,198.30.102.125
207,Currie,Staker,cstaker5q@nature.com,Male,73.6.212.213
208,Bunnie,Bussy,bbussy5r@ocn.ne.jp,Female,148.93.145.116
209,Mary,Very,mvery5s@csmonitor.com,Female,70.57.70.210
210,Alvera,Semrad,asemrad5t@dropbox.com,Female,137.248.185.9
211,Kelwin,Howton,khowton5u@prlog.org,Male,109.231.183.251
212,Charmaine,Manon,cmanon5v@about.me,Female,228.225.230.193
213,Kathryne,Stannering,kstannering5w@sourceforge.net,Female,198.206.18.41
214,Terri,Spirritt,tspirritt5x@people.com.cn,Male,164.104.174.235
215,Julianna,Gramer,jgramer5y@icio.us,Female,114.80.189.131
216,Ofelia,Attewell,oattewell5z@microsoft.com,Non-binary,168.22.211.239
217,Rozelle,Casarili,rcasarili60@eepurl.com,Female,190.13.79.54
218,Arnie,Pescod,apescod61@purevolume.com,Male,214.37.82.87
219,Stormie,Lacaze,slacaze62@prlog.org,Female,38.117.118.4
220,Orelia,Goolden,ogoolden63@ucsd.edu,Female,188.182.72.40
221,Brendon,Gredden,bgredden64@mit.edu,Male,17.116.106.12
222,Glenn,Lund,glund65@simplemachines.org,Male,46.2.90.218
223,Tabby,Lyenyng,tlyenyng66@eventbrite.com,Male,20.170.99.34
224,Pincas,Kubu,pkubu67@independent.co.uk,Male,72.37.143.36
225,Asher,Topliss,atopliss68@examiner.com,Bigender,131.228.41.176
226,Putnem,Livick,plivick69@myspace.com,Male,227.17.213.103
227,Sutherland,Corlett,scorlett6a@engadget.com,Male,118.230.201.112
228,Vanya,Scarlet,vscarlet6b@yellowbook.com,Female,215.230.19.243
229,Brynna,Portingale,bportingale6c@google.co.uk,Female,202.191.119.130
230,Horace,Lamprecht,hlamprecht6d@goodreads.com,Male,67.8.94.62
231,Kristo,Farris,kfarris6e@google.pl,Male,15.16.76.174
232,Ira,Mowsdill,imowsdill6f@eventbrite.com,Female,14.48.18.144
233,Clare,Frangione,cfrangione6g@themeforest.net,Male,232.116.251.239
234,Zarah,Anan,zanan6h@oakley.com,Agender,167.239.221.33
235,Cassi,Fluck,cfluck6i@cocolog-nifty.com,Female,219.78.112.89
236,Bat,Lamyman,blamyman6j@usda.gov,Polygender,179.230.161.146
237,Jaine,Hartopp,jhartopp6k@springer.com,Genderfluid,55.74.13.116
238,Theresita,Bloss,tbloss6l@accuweather.com,Female,19.0.151.15
239,Patrice,Crasswell,pcrasswell6m@photobucket.com,Male,209.64.114.0
240,Ebony,Scading,escading6n@usda.gov,Female,42.193.191.105
241,Bernard,Banner,bbanner6o@shutterfly.com,Male,14.222.21.128
242,Zarah,Stithe,zstithe6p@discovery.com,Female,173.48.118.172
243,Baird,Buntain,bbuntain6q@msn.com,Male,155.183.245.41
244,Teddie,Roalfe,troalfe6r@princeton.edu,Female,17.187.94.71
245,Filmer,Foottit,ffoottit6s@mayoclinic.com,Male,222.99.13.243
246,Darleen,Leander,dleander6t@walmart.com,Female,93.125.137.43
247,Noby,Toyne,ntoyne6u@i2i.jp,Male,216.217.180.71
248,Deana,Gallacher,dgallacher6v@technorati.com,Bigender,44.208.148.229
249,Natassia,Lawling,nlawling6w@list-manage.com,Female,226.46.180.228
250,Towny,Hagyard,thagyard6x@ibm.com,Male,30.71.193.230
251,Misha,Emmens,memmens6y@constantcontact.com,Female,127.169.74.39
252,Caterina,de Glanville,cdeglanville6z@ycombinator.com,Female,151.120.213.42
253,Hercules,Saterthwait,hsaterthwait70@histats.com,Male,40.235.212.220
254,Patric,Sallans,psallans71@prlog.org,Male,230.253.131.119
255,Justinn,Millhill,jmillhill72@accuweather.com,Female,55.178.148.93
256,Lauren,Maffei,lmaffei73@blogspot.com,Male,106.238.199.234
257,Nessy,Warkup,nwarkup74@altervista.org,Female,87.212.19.8
258,Culley,Lorkings,clorkings75@amazon.co.jp,Male,134.176.104.91
259,Cris,Santi,csanti76@tuttocitta.it,Female,69.17.142.250
260,Mitch,Radloff,mradloff77@ebay.com,Male,159.150.171.121
261,Cecil,Marquiss,cmarquiss78@histats.com,Male,70.30.239.221
262,Emilee,Codeman,ecodeman79@aol.com,Female,238.179.223.94
263,Magdaia,Clohisey,mclohisey7a@theguardian.com,Bigender,54.186.165.56
264,Gallard,Charman,gcharman7b@auda.org.au,Male,115.175.44.71
265,Eugenie,McGinney,emcginney7c@tripadvisor.com,Female,224.85.218.147
266,Murray,Liversley,mliversley7d@icq.com,Male,156.187.58.6
267,Brooke,Kivlin,bkivlin7e@simplemachines.org,Female,130.245.120.160
268,Griffy,Ballin,gballin7f@constantcontact.com,Male,92.57.183.50
269,Morten,Hyslop,mhyslop7g@dropbox.com,Male,251.22.51.253
270,Alexandra,Stops,astops7h@jigsy.com,Female,23.211.53.60
271,Glenn,Hucklesby,ghucklesby7i@mapy.cz,Male,112.252.6.33
272,Ramsey,Currao,rcurrao7j@godaddy.com,Male,178.172.69.240
273,Morna,Czajkowska,mczajkowska7k@theglobeandmail.com,Female,45.175.97.16
274,Berni,Hedworth,bhedworth7l@nhs.uk,Female,166.69.6.42
275,Aloise,Coomer,acoomer7m@bbb.org,Female,209.41.34.127
276,Danielle,Naisbet,dnaisbet7n@reverbnation.com,Female,105.33.135.37
277,Shela,Janek,sjanek7o@indiegogo.com,Polygender,110.222.123.86
278,Jeannette,Shuttle,jshuttle7p@dropbox.com,Female,111.206.140.178
279,Hans,Ledes,hledes7q@dell.com,Male,187.94.0.31
280,Bradley,Boyan,bboyan7r@usatoday.com,Male,87.200.233.60
281,Nicolette,Paolicchi,npaolicchi7s@spotify.com,Female,134.105.46.61
282,Jarrod,Schwartz,jschwartz7t@google.pl,Genderqueer,25.8.176.28
283,Allen,Guppy,aguppy7u@sbwire.com,Male,66.170.255.119
284,Valaree,Winney,vwinney7v@psu.edu,Female,103.211.72.216
285,Netta,Gornall,ngornall7w@umich.edu,Genderfluid,93.223.162.73
286,Sonnie,Cicco,scicco7x@usda.gov,Male,9.194.205.255
287,Egan,McTerry,emcterry7y@newyorker.com,Non-binary,8.4.99.254
288,Mahala,Brun,mbrun7z@freewebs.com,Female,5.62.246.174
289,Evelina,Waye,ewaye80@yandex.ru,Female,229.249.145.252
290,Sisile,Enright,senright81@slashdot.org,Female,194.184.151.247
291,Mervin,Dupree,mdupree82@wix.com,Male,206.117.234.52
292,Wallis,Cogman,wcogman83@nih.gov,Male,66.242.255.236
293,Kendre,Lyste,klyste84@networkadvertising.org,Female,101.142.180.98
294,Gustavo,Quinnette,gquinnette85@fotki.com,Male,43.95.234.217
295,Rustin,Mackro,rmackro86@umich.edu,Genderqueer,161.148.166.171
296,Ermin,Duckhouse,educkhouse87@washington.edu,Male,52.159.100.115
297,Alon,Smewin,asmewin88@technorati.com,Male,86.100.209.90
298,Rici,Domico,rdomico89@geocities.com,Female,52.37.88.37
299,Dolph,Eustace,deustace8a@opera.com,Male,113.116.249.204
300,Sigvard,Flew,sflew8b@kickstarter.com,Male,172.164.192.95
301,Abby,Parsell,aparsell8c@guardian.co.uk,Female,14.206.136.54
302,Myranda,Dixsee,mdixsee8d@artisteer.com,Female,91.131.26.0
303,Alanah,Dowbakin,adowbakin8e@unicef.org,Female,160.166.24.49
304,Joseph,Osbiston,josbiston8f@multiply.com,Male,111.106.242.122
305,Lorrie,Ife,life8g@cargocollective.com,Male,220.1.105.94
306,Rebbecca,Woodings,rwoodings8h@si.edu,Non-binary,176.53.36.141
307,Sallie,Reeders,sreeders8i@webeden.co.uk,Female,129.82.24.157
308,Guendolen,Kerry,gkerry8j@uiuc.edu,Female,102.167.118.102
309,Reginauld,Neasham,rneasham8k@telegraph.co.uk,Male,21.160.188.214
310,Auberon,Rainey,arainey8l@soundcloud.com,Male,73.191.90.47
311,Marika,Grinham,mgrinham8m@paginegialle.it,Female,129.113.188.226
312,Cosimo,Klemt,cklemt8n@ovh.net,Male,152.184.173.84
313,Elissa,Eseler,eeseler8o@redcross.org,Female,45.143.44.72
314,Verile,Wilkison,vwilkison8p@hatena.ne.jp,Female,153.226.115.122
315,Trever,Seadon,tseadon8q@mlb.com,Male,225.56.139.243
316,Aileen,Brunton,abrunton8r@java.com,Female,140.56.147.13
317,Moises,Bang,mbang8s@economist.com,Male,21.178.29.203
318,Graehme,Martinon,gmartinon8t@vinaora.com,Male,244.84.160.13
319,Alana,Vieyra,avieyra8u@wired.com,Female,205.83.6.205
320,Tierney,Jouen,tjouen8v@goodreads.com,Female,39.10.0.38
321,Greer,Cressy,gcressy8w@github.io,Female,133.93.44.185
322,Stephani,Binnion,sbinnion8x@odnoklassniki.ru,Female,188.9.201.233
323,Dyna,Rengger,drengger8y@liveinternet.ru,Female,210.238.60.253
324,Jo-anne,Ventris,jventris8z@sfgate.com,Female,146.242.195.235
325,Zachery,Boyall,zboyall90@bravesites.com,Male,18.236.218.105
326,Kelley,Riddick,kriddick91@exblog.jp,Male,124.188.136.46
327,Bab,Dauney,bdauney92@house.gov,Female,249.6.129.150
328,Merill,Sirr,msirr93@pen.io,Male,39.239.107.254
329,Neal,Fussell,nfussell94@comsenz.com,Male,107.191.153.181
330,Duff,Andras,dandras95@behance.net,Male,242.153.195.40
331,Ralph,Krop,rkrop96@seesaa.net,Male,111.249.83.109
332,Perren,Pullar,ppullar97@economist.com,Male,231.162.36.61
333,Aundrea,Craythorne,acraythorne98@twitter.com,Female,130.176.1.39
334,Ann-marie,Fearnsides,afearnsides99@biblegateway.com,Bigender,110.96.217.231
335,Veronike,Bonifazio,vbonifazio9a@tripod.com,Female,208.233.35.210
336,Shina,Gerring,sgerring9b@chronoengine.com,Female,98.182.128.105
337,Averill,Fullilove,afullilove9c@hubpages.com,Male,65.86.214.227
338,Gordon,Richmont,grichmont9d@shutterfly.com,Male,9.222.251.205
339,Hakim,Busain,hbusain9e@usda.gov,Male,139.163.123.208
340,Marice,Phinn,mphinn9f@who.int,Female,27.1.96.211
341,Free,Hales,fhales9g@weebly.com,Male,6.18.214.249
342,Emmalynn,Lasselle,elasselle9h@cnbc.com,Female,58.153.135.166
343,Thea,Antognoni,tantognoni9i@fotki.com,Female,52.8.155.53
344,Oren,Widdowson,owiddowson9j@soundcloud.com,Male,29.5.60.148
345,Salomo,Tough,stough9k@marketwatch.com,Male,190.121.85.109
346,Tades,Whilder,twhilder9l@constantcontact.com,Male,141.241.41.94
347,Faina,Mikalski,fmikalski9m@storify.com,Female,246.81.116.77
348,Georgina,Mcwhinnie,gmcwhinnie9n@ed.gov,Female,163.93.236.11
349,Lyndsey,Blackford,lblackford9o@zimbio.com,Female,180.45.163.247
350,Dyann,Fairclough,dfairclough9p@altervista.org,Female,151.57.145.221
351,Felicio,Van Dijk,fvandijk9q@si.edu,Male,120.110.54.217
352,Nevile,Lornsen,nlornsen9r@mit.edu,Genderfluid,43.104.20.182
353,Allianora,Cornborough,acornborough9s@aboutads.info,Female,217.118.66.158
354,Duane,Baudry,dbaudry9t@rediff.com,Male,212.192.59.84
355,Gifford,Scudamore,gscudamore9u@usnews.com,Male,122.253.65.48
356,Roxine,Roscow,rroscow9v@bravesites.com,Female,189.135.245.89
357,Gian,Urvoy,gurvoy9w@biglobe.ne.jp,Male,97.68.197.20
358,Clem,Edmands,cedmands9x@theguardian.com,Male,9.123.93.114
359,Demetria,Riden,driden9y@umn.edu,Female,96.249.11.248
360,Rudd,Bilbrook,rbilbrook9z@macromedia.com,Male,122.116.144.66
361,Minna,Pentecust,mpentecusta0@goodreads.com,Female,141.160.141.142
362,Tersina,Ryles,trylesa1@people.com.cn,Genderqueer,106.200.84.42
363,Franky,Fremantle,ffremantlea2@github.io,Female,224.52.251.141
364,Gan,Tregido,gtregidoa3@over-blog.com,Genderqueer,56.225.139.244
365,Murial,Enrique,menriquea4@dropbox.com,Female,110.241.227.83
366,Darrin,Lutzmann,dlutzmanna5@csmonitor.com,Male,3.73.29.248
367,Janaye,Blackborne,jblackbornea6@livejournal.com,Female,109.27.241.238
368,Andre,Giffard,agiffarda7@slate.com,Male,69.42.128.172
369,Thorin,Perfitt,tperfitta8@cmu.edu,Male,9.134.130.79
370,Selie,Goodlet,sgoodleta9@home.pl,Polygender,207.12.99.250
371,Audie,Lowless,alowlessaa@g.co,Female,109.201.169.196
372,Violetta,Farnes,vfarnesab@woothemes.com,Female,235.178.64.197
373,Stefanie,Dorbon,sdorbonac@bizjournals.com,Female,122.171.162.127
374,Julia,Conahy,jconahyad@census.gov,Female,230.109.131.217
375,Jayme,Elsay,jelsayae@histats.com,Male,234.53.168.231
376,Jasen,Drewet,jdrewetaf@nbcnews.com,Male,62.29.144.30
377,Leslie,Gammell,lgammellag@pbs.org,Female,146.4.120.229
378,Tony,Archbald,tarchbaldah@last.fm,Female,252.175.68.32
379,Averill,Boshell,aboshellai@cdc.gov,Male,52.15.195.137
380,Desiree,Joscelyn,djoscelynaj@yahoo.com,Female,143.180.188.254
381,Alameda,McJury,amcjuryak@wsj.com,Bigender,248.2.207.4
382,Kym,Hogbourne,khogbourneal@youku.com,Female,6.225.18.79
383,Kayley,Dincey,kdinceyam@shinystat.com,Female,60.119.233.8
384,Horacio,Maggiore,hmaggiorean@hud.gov,Male,36.49.26.232
385,Bucky,De la Harpe,bdelaharpeao@last.fm,Male,80.44.172.174
386,Milton,Abrahmson,mabrahmsonap@behance.net,Male,10.123.36.59
387,Gregoor,Kingsnoad,gkingsnoadaq@jimdo.com,Male,149.52.14.249
388,Geneva,Sowrah,gsowrahar@smugmug.com,Genderfluid,109.222.118.69
389,Goddard,Pulfer,gpulferas@hugedomains.com,Male,77.40.121.184
390,Trevar,Vauter,tvauterat@sun.com,Male,232.52.250.8
391,Tiertza,Holdall,tholdallau@etsy.com,Female,122.92.190.36
392,Adi,D'eye,adeyeav@bloomberg.com,Female,155.239.181.188
393,Carlin,Blakebrough,cblakebroughaw@jugem.jp,Male,125.10.76.175
394,Colver,Beranek,cberanekax@ted.com,Male,88.250.122.254
395,Eldon,Gribble,egribbleay@histats.com,Male,98.127.199.84
396,Lionello,Aiton,laitonaz@over-blog.com,Male,106.19.123.239
397,Ally,Paley,apaleyb0@meetup.com,Female,97.198.39.79
398,Nolan,McGiffin,nmcgiffinb1@vkontakte.ru,Genderfluid,3.12.147.107
399,Filmore,Halgarth,fhalgarthb2@toplist.cz,Male,6.132.245.28
400,Pepe,Menichino,pmenichinob3@abc.net.au,Male,154.148.155.48
401,Iolande,Milthorpe,imilthorpeb4@guardian.co.uk,Genderfluid,231.248.163.189
402,Owen,Huson,ohusonb5@sogou.com,Male,137.28.78.197
403,Aridatha,Voff,avoffb6@mayoclinic.com,Female,38.20.211.202
404,Gavra,Ferrey,gferreyb7@eventbrite.com,Female,89.129.175.178
405,Eloisa,Abbot,eabbotb8@telegraph.co.uk,Female,98.147.112.232
406,Sonia,Aisbett,saisbettb9@china.com.cn,Genderqueer,107.132.54.225
407,Elaina,Fothergill,efothergillba@theglobeandmail.com,Genderfluid,94.215.24.197
408,Averill,Atley,aatleybb@bloomberg.com,Male,37.211.62.131
409,Alard,Dunbar,adunbarbc@blogtalkradio.com,Male,114.11.82.22
410,Adda,Rayman,araymanbd@ebay.com,Agender,27.69.56.1
411,Julie,Molloy,jmolloybe@booking.com,Female,112.63.203.103
412,Jodee,Altham,jalthambf@list-manage.com,Female,183.113.30.117
413,Grethel,Shovlar,gshovlarbg@shop-pro.jp,Female,112.61.157.122
414,Connie,Stanyer,cstanyerbh@biblegateway.com,Female,194.194.104.65
415,Allegra,Maevela,amaevelabi@deviantart.com,Female,123.10.128.48
416,Jeanette,Plaid,jplaidbj@blog.com,Genderqueer,21.96.21.199
417,Brig,Blockley,bblockleybk@goodreads.com,Bigender,63.194.241.183
418,Sonny,Sigert,ssigertbl@hp.com,Female,11.3.237.178
419,Tara,Whyatt,twhyattbm@yandex.ru,Female,127.79.137.67
420,Fin,Maccaig,fmaccaigbn@kickstarter.com,Male,186.130.42.3
421,Tabor,Noton,tnotonbo@wikimedia.org,Genderfluid,134.56.112.29
422,Brunhilde,Eitter,beitterbp@ow.ly,Female,86.148.201.141
423,Adelaide,Filde,afildebq@is.gd,Female,123.102.225.248
424,Mayer,Gendricke,mgendrickebr@smugmug.com,Bigender,183.11.76.106
425,Rafaellle,McVeagh,rmcveaghbs@uol.com.br,Polygender,40.31.121.122
426,Claude,Blacklock,cblacklockbt@free.fr,Female,150.211.116.185
427,Corene,Pendergast,cpendergastbu@nsw.gov.au,Female,87.6.40.143
428,Corny,Lethem,clethembv@sbwire.com,Female,113.137.42.228
429,Stevana,Sainthill,ssainthillbw@pagesperso-orange.fr,Female,252.111.33.146
430,Jasun,Kidsley,jkidsleybx@cnbc.com,Male,171.10.187.164
431,Gilburt,Cahan,gcahanby@webnode.com,Male,123.33.25.16
432,Jameson,Riche,jrichebz@google.com,Male,177.116.175.175
433,Micheline,Deer,mdeerc0@cnn.com,Female,99.103.117.125
434,Vance,Swainsbury,vswainsburyc1@networkadvertising.org,Male,157.226.76.162
435,Cecil,Harmour,charmourc2@yandex.ru,Male,174.36.218.182
436,Merrilee,Casado,mcasadoc3@cargocollective.com,Female,89.109.88.69
437,Miller,Gutans,mgutansc4@phoca.cz,Male,79.164.117.188
438,Bel,Squibbes,bsquibbesc5@samsung.com,Female,179.184.99.157
439,Bertie,Shrubshall,bshrubshallc6@umich.edu,Female,126.23.150.125
440,Dame,Cabell,dcabellc7@linkedin.com,Male,42.239.141.207
441,Emmet,Stritton,estrittonc8@vistaprint.com,Male,94.21.21.122
442,Rachelle,McNicol,rmcnicolc9@loc.gov,Female,47.47.123.165
443,Regan,Lowerson,rlowersonca@ocn.ne.jp,Male,5.205.220.253
444,Bobbie,Brightwell,bbrightwellcb@squidoo.com,Female,99.99.196.24
445,Nils,Cymper,ncympercc@dyndns.org,Male,244.153.195.156
446,Liliane,Durand,ldurandcd@ezinearticles.com,Female,112.31.115.199
447,Alethea,Brock,abrockce@netscape.com,Female,5.147.214.206
448,Vitia,Lyosik,vlyosikcf@netscape.com,Female,73.24.160.140
449,Onida,Toulch,otoulchcg@dion.ne.jp,Female,177.62.199.23
450,Nerte,Arkle,narklech@ibm.com,Female,200.150.56.242
451,Ame,Mance,amanceci@mapquest.com,Female,17.143.126.147
452,Lem,Ugolini,lugolinicj@whitehouse.gov,Male,150.180.114.5
453,Marne,Skones,mskonesck@meetup.com,Polygender,9.192.51.207
454,Rivi,Coppledike,rcoppledikecl@1und1.de,Female,70.158.219.152
455,Rozanna,Darbey,rdarbeycm@example.com,Female,92.103.172.163
456,Jerrome,Leaney,jleaneycn@sakura.ne.jp,Male,99.4.214.94
457,Ben,Stocker,bstockerco@huffingtonpost.com,Male,181.205.65.62
458,Talyah,Nickoles,tnickolescp@pen.io,Female,204.213.7.174
459,Engracia,Massingham,emassinghamcq@google.cn,Female,162.177.183.18
460,Shelli,Pawlyn,spawlyncr@mtv.com,Female,92.224.94.51
461,Phillida,Kohring,pkohringcs@boston.com,Female,162.90.160.60
462,Dore,Humble,dhumblect@utexas.edu,Male,154.169.162.50
463,Karilynn,Jaxon,kjaxoncu@nifty.com,Female,21.228.184.5
464,Tonye,Vasilyev,tvasilyevcv@nifty.com,Female,122.36.247.104
465,Calley,Shillom,cshillomcw@amazonaws.com,Female,83.22.244.79
466,Annecorinne,Poluzzi,apoluzzicx@zdnet.com,Female,245.32.198.149
467,Gillan,Honatsch,ghonatschcy@cdc.gov,Female,219.18.64.180
468,Wit,Ilyinski,wilyinskicz@smh.com.au,Male,232.167.20.98
469,Brent,Westcot,bwestcotd0@ucoz.com,Male,59.74.162.201
470,Inger,Tilby,itilbyd1@unicef.org,Male,158.196.174.222
471,Gayla,Dundridge,gdundridged2@salon.com,Female,118.6.44.116
472,Al,Bragg,abraggd3@nydailynews.com,Male,174.56.58.160
473,Ewan,Mobley,emobleyd4@epa.gov,Male,205.189.172.183
474,Cynthy,Stratz,cstratzd5@quantcast.com,Female,182.75.177.118
475,Ara,Donnersberg,adonnersbergd6@newsvine.com,Male,1.200.13.101
476,Lamont,Cumine,lcumined7@abc.net.au,Male,177.83.206.67
477,Jud,Bridgwater,jbridgwaterd8@chron.com,Male,150.178.228.176
478,Art,Corter,acorterd9@upenn.edu,Male,17.163.165.157
479,Pryce,Farlow,pfarlowda@sohu.com,Male,67.164.131.154
480,Land,Cressey,lcresseydb@dagondesign.com,Male,114.88.25.142
481,Aurie,Edeler,aedelerdc@quantcast.com,Female,64.139.221.81
482,Olenolin,Josephsen,ojosephsendd@toplist.cz,Male,104.49.198.69
483,Batholomew,Brumhead,bbrumheadde@1und1.de,Male,44.20.137.42
484,Charla,Baynom,cbaynomdf@a8.net,Genderfluid,183.96.37.136
485,Willyt,Masseo,wmasseodg@booking.com,Female,32.53.229.236
486,Walliw,Hardware,whardwaredh@exblog.jp,Female,217.152.102.102
487,Auroora,Garfield,agarfielddi@slashdot.org,Female,19.239.131.153
488,Briana,Magister,bmagisterdj@discuz.net,Bigender,56.57.186.16
489,Kylila,Klasen,kklasendk@cnbc.com,Female,175.168.33.186
490,Helen,Banger,hbangerdl@globo.com,Female,9.224.196.118
491,Emylee,Ralfe,eralfedm@t.co,Female,178.3.119.227
492,Donica,Garbett,dgarbettdn@nsw.gov.au,Female,161.101.195.43
493,Rupert,Augustine,raugustinedo@harvard.edu,Male,51.84.72.254
494,Shadow,Hyslop,shyslopdp@dell.com,Male,193.53.1.45
495,Padraig,Tiron,ptirondq@issuu.com,Bigender,249.175.186.225
496,Lauralee,Habeshaw,lhabeshawdr@networksolutions.com,Non-binary,223.197.148.107
497,Colleen,Dudin,cdudinds@blogtalkradio.com,Female,59.61.190.178
498,Sterling,Rappoport,srappoportdt@stanford.edu,Male,193.32.245.150
499,Brok,Ugo,bugodu@auda.org.au,Male,23.69.226.83
500,Jolene,Garratty,jgarrattydv@paginegialle.it,Female,238.166.154.92
501,Allen,McDonand,amcdonanddw@privacy.gov.au,Male,212.246.149.54
502,Constantine,Amery,camerydx@instagram.com,Female,60.84.203.139
503,Gunter,Sumshon,gsumshondy@bluehost.com,Male,64.116.207.156
504,Kessiah,Shepcutt,kshepcuttdz@msn.com,Female,244.175.158.32
505,Nicolas,Samwell,nsamwelle0@discovery.com,Genderfluid,169.149.88.227
506,Boothe,Sommerton,bsommertone1@wikimedia.org,Male,1.124.197.177
507,Vern,Feehily,vfeehilye2@answers.com,Male,216.252.14.188
508,Elisha,Gillbee,egillbeee3@ucoz.ru,Male,172.78.91.202
509,Barrie,Rotge,brotgee4@google.com.hk,Genderfluid,155.204.59.76
510,Ursola,Worley,uworleye5@typepad.com,Female,178.231.3.20
511,Chryste,Noble,cnoblee6@squidoo.com,Female,108.237.68.12
512,Farlie,Jaycox,fjaycoxe7@goo.gl,Male,178.19.159.71
513,Frank,Georgiev,fgeorgieve8@domainmarket.com,Female,157.80.5.250
514,Florentia,Curds,fcurdse9@nasa.gov,Female,199.61.212.58
515,Ranice,Vesque,rvesqueea@plala.or.jp,Female,55.1.188.91
516,Patty,Bednall,pbednalleb@java.com,Male,55.188.64.114
517,Mikel,Huburn,mhuburnec@berkeley.edu,Male,204.52.38.147
518,Vance,Gaunter,vgauntered@virginia.edu,Male,211.232.42.21
519,Gerhardine,Hanna,ghannaee@blogger.com,Female,237.1.222.244
520,Mirna,Rowsell,mrowsellef@usatoday.com,Genderqueer,72.127.64.14
521,Benedetta,Arcase,barcaseeg@squarespace.com,Female,103.169.184.134
522,Reade,Ballston,rballstoneh@washington.edu,Male,232.62.26.248
523,Gawen,Cannan,gcannanei@vk.com,Male,43.167.67.197
524,Teri,Danielski,tdanielskiej@vimeo.com,Genderfluid,36.183.125.53
525,Giralda,Behrendsen,gbehrendsenek@phpbb.com,Agender,69.148.46.166
526,Homerus,Titmuss,htitmussel@bloglines.com,Male,17.124.255.231
527,Raven,Cankett,rcankettem@rediff.com,Polygender,246.166.180.172
528,Bevin,Reedie,breedieen@sfgate.com,Male,25.229.114.224
529,Reinhold,De Pero,rdeperoeo@typepad.com,Male,10.163.112.155
530,Patsy,D'Alessio,pdalessioep@fema.gov,Male,54.198.41.177
531,Cassondra,Brandham,cbrandhameq@hostgator.com,Female,210.177.45.241
532,Theodore,Fitt,tfitter@mysql.com,Male,91.244.92.243
533,Maritsa,Lavell,mlavelles@mtv.com,Genderqueer,244.93.171.66
534,Janos,Sancho,jsanchoet@icio.us,Male,61.43.244.180
535,Marcy,Wingate,mwingateeu@mediafire.com,Female,8.222.78.211
536,Cherie,Moyler,cmoylerev@angelfire.com,Female,157.9.5.241
537,Hughie,Skipping,hskippingew@liveinternet.ru,Male,69.180.16.217
538,Wells,Dibnah,wdibnahex@diigo.com,Male,96.33.39.125
539,Dukey,Trett,dtrettey@vkontakte.ru,Male,41.113.17.238
540,Maddy,Tenman,mtenmanez@blogs.com,Male,47.111.57.48
541,Hurley,McKissack,hmckissackf0@hugedomains.com,Genderqueer,15.25.208.113
542,Lucien,Loughton,lloughtonf1@wunderground.com,Male,85.150.196.215
543,Tait,Craighill,tcraighillf2@fema.gov,Genderfluid,192.180.9.90
544,Addy,Arnley,aarnleyf3@unblog.fr,Female,101.45.140.157
545,Latisha,Balhatchet,lbalhatchetf4@infoseek.co.jp,Female,80.46.175.86
546,Ragnar,Downe,rdownef5@typepad.com,Male,92.17.176.247
547,Sid,Tranmer,stranmerf6@xing.com,Genderfluid,127.28.111.222
548,Dunn,Gasticke,dgastickef7@list-manage.com,Male,190.252.62.6
549,Winslow,O'Mahoney,womahoneyf8@usda.gov,Male,104.255.152.95
550,Arty,Choke,achokef9@dropbox.com,Male,96.45.33.134
551,Geraldine,Maffin,gmaffinfa@weather.com,Female,215.3.199.247
552,Caroline,Alden,caldenfb@apple.com,Female,121.230.109.199
553,Washington,Dysart,wdysartfc@blogs.com,Genderqueer,132.124.25.237
554,Lauri,Jolliss,ljollissfd@boston.com,Female,204.1.223.91
555,Frankie,McClinton,fmcclintonfe@goo.ne.jp,Male,83.19.11.233
556,Miriam,Sinclair,msinclairff@elegantthemes.com,Female,71.20.24.201
557,Brandice,Bollini,bbollinifg@comsenz.com,Female,119.124.128.46
558,Kippie,Stallen,kstallenfh@cdbaby.com,Male,77.217.85.122
559,Gerta,Ferrettini,gferrettinifi@instagram.com,Female,160.189.37.121
560,Maribel,Zanotti,mzanottifj@reuters.com,Female,224.141.140.95
561,Harmonia,Dornin,hdorninfk@bravesites.com,Female,224.242.207.246
562,Godiva,Threlkeld,gthrelkeldfl@nbcnews.com,Female,55.127.223.229
563,Lyn,Habbes,lhabbesfm@cdbaby.com,Female,201.244.65.9
564,Judd,Acors,jacorsfn@weebly.com,Male,192.45.39.53
565,Randolf,Senecaux,rsenecauxfo@gov.uk,Male,126.83.19.106
566,Shani,Gorghetto,sgorghettofp@smugmug.com,Female,217.44.56.6
567,Aggi,Garwill,agarwillfq@forbes.com,Female,9.193.85.208
568,Rodd,Carmody,rcarmodyfr@blogger.com,Male,200.117.200.6
569,Winnifred,Lightoller,wlightollerfs@moonfruit.com,Female,245.87.40.123
570,Odell,Gilders,ogildersft@globo.com,Male,113.208.44.15
571,Giusto,Coupman,gcoupmanfu@ustream.tv,Male,81.165.39.219
572,Bernardo,Pollen,bpollenfv@scientificamerican.com,Male,80.7.190.46
573,Gabrila,Joslin,gjoslinfw@ameblo.jp,Female,4.227.232.176
574,Morty,Alvares,malvaresfx@google.com.au,Male,48.141.236.18
575,Fair,Hulstrom,fhulstromfy@sitemeter.com,Male,48.147.177.98
576,Nickey,Maykin,nmaykinfz@ustream.tv,Male,226.35.219.67
577,Judd,Dornin,jdorning0@unicef.org,Male,95.52.212.210
578,Dionne,Mattys,dmattysg1@indiatimes.com,Female,30.98.214.44
579,Jodie,Bilney,jbilneyg2@bloomberg.com,Male,238.238.49.165
580,Theo,Shropshire,tshropshireg3@taobao.com,Male,62.93.198.242
581,Cristobal,Dowyer,cdowyerg4@ftc.gov,Male,214.105.206.42
582,Ellynn,Denkel,edenkelg5@reuters.com,Polygender,28.35.219.41
583,Nadiya,McCart,nmccartg6@java.com,Female,250.39.250.206
584,Shermie,Boot,sbootg7@google.ca,Male,188.89.84.182
585,Darrell,Croal,dcroalg8@walmart.com,Male,104.200.86.36
586,Sumner,Allso,sallsog9@nasa.gov,Male,163.136.156.212
587,Verne,Coopey,vcoopeyga@elegantthemes.com,Male,34.183.251.137
588,Giordano,Dance,gdancegb@mit.edu,Male,229.47.9.72
589,Demetris,Knevit,dknevitgc@1und1.de,Male,3.197.198.219
590,Nikoletta,Castree,ncastreegd@is.gd,Female,59.182.37.59
591,Gill,Swaine,gswainege@cbc.ca,Male,161.105.232.46
592,Chastity,Metts,cmettsgf@t.co,Female,221.114.27.13
593,Katharyn,Beaven,kbeavengg@lulu.com,Female,95.105.47.231
594,Millie,Kiff,mkiffgh@qq.com,Female,171.118.45.168
595,Sanford,De Maine,sdemainegi@goodreads.com,Male,227.234.0.2
596,Peter,Matokhnin,pmatokhningj@shop-pro.jp,Male,253.175.16.34
597,Gunter,McFade,gmcfadegk@discuz.net,Male,54.101.218.122
598,Clayson,Jeaffreson,cjeaffresongl@npr.org,Genderqueer,30.161.251.12
599,Mavra,Ellerbeck,mellerbeckgm@youtube.com,Female,109.32.32.28
600,Kahaleel,Hasselby,khasselbygn@apache.org,Male,7.231.25.235
601,Abel,Hinchon,ahinchongo@weibo.com,Male,153.206.144.132
602,Basile,Keighley,bkeighleygp@paypal.com,Genderfluid,42.202.211.189
603,Jase,Shippey,jshippeygq@apple.com,Male,61.160.168.119
604,Mychal,Melluish,mmelluishgr@biblegateway.com,Male,84.183.151.158
605,Quinta,Rodmell,qrodmellgs@bravesites.com,Female,32.87.110.80
606,Belita,Body,bbodygt@123-reg.co.uk,Female,122.209.103.254
607,Luise,Tomsett,ltomsettgu@ftc.gov,Female,35.183.159.44
608,Baxy,Jako,bjakogv@nbcnews.com,Male,68.145.201.28
609,Junie,Dantesia,jdantesiagw@xinhuanet.com,Female,63.158.18.33
610,Salem,Eva,sevagx@ezinearticles.com,Male,183.217.16.148
611,Trisha,Pilkinton,tpilkintongy@phpbb.com,Bigender,51.186.125.208
612,Shae,Anglish,sanglishgz@accuweather.com,Non-binary,221.42.244.157
613,Simonette,Vezey,svezeyh0@pagesperso-orange.fr,Female,160.180.18.10
614,Hamnet,Rutland,hrutlandh1@sciencedaily.com,Genderfluid,55.92.101.6
615,Ardenia,Laxson,alaxsonh2@alibaba.com,Polygender,143.74.129.151
616,Gabie,Boother,gbootherh3@state.tx.us,Female,122.168.72.151
617,Rebecka,Minillo,rminilloh4@examiner.com,Female,104.245.73.239
618,Hillier,Eckery,heckeryh5@economist.com,Male,24.16.169.193
619,Odo,Taffee,otaffeeh6@intel.com,Male,37.235.151.149
620,Linoel,Luddy,lluddyh7@eventbrite.com,Male,96.95.124.90
621,Alberto,Nemchinov,anemchinovh8@wikia.com,Male,202.11.129.250
622,Ianthe,Chartman,ichartmanh9@uiuc.edu,Female,111.78.111.125
623,Fleur,Acott,facottha@utexas.edu,Female,154.43.209.8
624,Kelley,Mordan,kmordanhb@usatoday.com,Female,142.241.135.120
625,Shaina,Philipart,sphiliparthc@amazon.co.uk,Female,233.69.58.45
626,Burch,Hutcheons,bhutcheonshd@virginia.edu,Male,37.71.187.174
627,Dudley,Galego,dgalegohe@apache.org,Polygender,39.154.120.111
628,Margret,Commins,mcomminshf@so-net.ne.jp,Female,37.184.76.184
629,Pippy,Molian,pmolianhg@jiathis.com,Female,126.162.16.139
630,Fairfax,Hurdle,fhurdlehh@apple.com,Male,193.2.136.66
631,Sly,McWhorter,smcwhorterhi@alexa.com,Male,141.13.95.126
632,Symon,Olver,solverhj@rambler.ru,Male,223.245.199.163
633,Perceval,Pundy,ppundyhk@amazon.de,Male,1.9.66.93
634,Hendrik,Czyz,hczyzhl@illinois.edu,Male,90.150.110.50
635,Everett,Stave,estavehm@moonfruit.com,Male,24.214.23.228
636,Teresina,Carlyle,tcarlylehn@independent.co.uk,Female,193.217.21.223
637,Darby,Elman,delmanho@histats.com,Male,140.79.116.106
638,Christye,Bedham,cbedhamhp@merriam-webster.com,Polygender,192.221.245.205
639,Vladamir,Sarath,vsarathhq@purevolume.com,Male,48.36.254.229
640,Melisa,Adamoli,madamolihr@skyrock.com,Female,79.205.199.15
641,Rutter,Stiffell,rstiffellhs@yandex.ru,Male,208.50.39.102
642,Electra,Cobelli,ecobelliht@bigcartel.com,Female,10.144.96.185
643,Gaspard,Westwick,gwestwickhu@fda.gov,Male,181.119.121.31
644,Kendall,Janoch,kjanochhv@google.com.br,Male,145.81.215.110
645,Erwin,Kann,ekannhw@soundcloud.com,Male,142.140.117.11
646,Rodney,Lofts,rloftshx@sina.com.cn,Male,199.31.198.205
647,Lorry,Minghetti,lminghettihy@zimbio.com,Female,49.78.14.71
648,Riane,Young,ryounghz@over-blog.com,Female,156.53.83.162
649,Gardener,Howes,ghowesi0@cnbc.com,Male,148.153.148.82
650,Kristyn,Pagel,kpageli1@bloglines.com,Female,181.52.33.57
651,Netti,Mattiassi,nmattiassii2@cocolog-nifty.com,Female,21.217.145.150
652,Tessie,Dargue,tdarguei3@topsy.com,Genderfluid,29.82.184.52
653,Portie,Gianiello,pgianielloi4@creativecommons.org,Male,152.135.35.59
654,Dora,Fochs,dfochsi5@privacy.gov.au,Female,210.236.199.180
655,Belicia,Blacklawe,bblacklawei6@usatoday.com,Female,195.28.220.139
656,Nial,Baldin,nbaldini7@vinaora.com,Male,141.109.231.104
657,Cornelle,Dubber,cdubberi8@w3.org,Female,144.198.203.37
658,Kristien,Bartunek,kbartuneki9@rakuten.co.jp,Female,10.5.39.233
659,Giffy,McDugal,gmcdugalia@nps.gov,Male,160.196.215.255
660,Dorolice,Blazeby,dblazebyib@weather.com,Female,40.105.79.71
661,Bibby,Argyle,bargyleic@wired.com,Female,44.9.110.247
662,Brice,Brangan,bbranganid@senate.gov,Male,17.199.202.152
663,Garvey,Node,gnodeie@infoseek.co.jp,Male,49.254.184.17
664,Gabbie,Suddaby,gsuddabyif@slideshare.net,Female,77.132.26.70
665,Edin,Brown,ebrownig@wordpress.com,Female,108.7.154.168
666,Thomas,Pusey,tpuseyih@amazon.de,Male,88.125.164.230
667,Dominga,Daelman,ddaelmanii@foxnews.com,Bigender,120.29.118.77
668,Kayne,Brandom,kbrandomij@ca.gov,Male,87.174.91.85
669,Micheil,Pepin,mpepinik@sourceforge.net,Male,102.213.63.138
670,Cameron,Lauritsen,clauritsenil@toplist.cz,Male,71.187.251.127
671,Riane,Eakeley,reakeleyim@goo.ne.jp,Polygender,99.151.116.247
672,Seymour,Grouse,sgrousein@bloomberg.com,Male,217.237.240.174
673,Delmor,Garthside,dgarthsideio@zimbio.com,Male,204.9.243.236
674,Kareem,Dench,kdenchip@macromedia.com,Male,13.122.71.56
675,Conan,Seagood,cseagoodiq@patch.com,Male,43.63.227.71
676,Zorina,Westmerland,zwestmerlandir@patch.com,Female,21.64.121.50
677,Ewart,McGuckin,emcguckinis@rakuten.co.jp,Male,24.153.85.61
678,Lind,Joselevitch,ljoselevitchit@java.com,Male,169.119.137.8
679,Celina,MacPeake,cmacpeakeiu@tumblr.com,Female,156.21.111.175
680,Mata,Chawner,mchawneriv@simplemachines.org,Genderfluid,101.196.244.185
681,Odette,Gepson,ogepsoniw@weibo.com,Female,18.61.133.150
682,Ferdinand,Twentyman,ftwentymanix@oracle.com,Male,161.163.157.30
683,Gregg,Laverack,glaverackiy@scribd.com,Male,143.53.2.232
684,Garey,Keeffe,gkeeffeiz@ycombinator.com,Male,166.4.78.206
685,Luise,Rayburn,lrayburnj0@ifeng.com,Female,159.149.75.10
686,Angel,Muck,amuckj1@va.gov,Male,17.136.202.195
687,Kenneth,Lay,klayj2@army.mil,Male,15.86.202.225
688,Robert,Allworthy,rallworthyj3@nytimes.com,Male,57.99.200.250
689,Hallsy,Cobleigh,hcobleighj4@yahoo.co.jp,Male,88.115.51.130
690,Essie,Pickett,epickettj5@photobucket.com,Female,240.116.129.137
691,Ashleigh,Boole,aboolej6@ebay.co.uk,Female,31.121.65.7
692,Egon,Foxworthy,efoxworthyj7@unblog.fr,Male,73.231.232.54
693,Romonda,MacColl,rmaccollj8@tuttocitta.it,Female,31.182.220.90
694,Lark,Garter,lgarterj9@wired.com,Female,175.181.110.211
695,Hazel,Burchall,hburchallja@google.de,Male,15.173.76.95
696,Lula,Heaslip,lheaslipjb@google.pl,Female,238.75.199.8
697,Gilberte,Laybourn,glaybournjc@homestead.com,Female,83.236.94.110
698,Alwin,Mauditt,amaudittjd@mail.ru,Male,171.125.234.65
699,Kelci,Floch,kflochje@fastcompany.com,Female,143.171.227.30
700,Coraline,Willimott,cwillimottjf@wired.com,Female,8.105.236.213
701,Laurella,Southouse,lsouthousejg@yolasite.com,Female,169.99.222.240
702,Drucill,Gostyke,dgostykejh@nationalgeographic.com,Female,99.113.173.35
703,Ardelis,Sutherns,asuthernsji@unblog.fr,Female,34.66.126.205
704,Wyatan,Hearnah,whearnahjj@bizjournals.com,Male,210.92.115.150
705,Durante,Wallenger,dwallengerjk@blog.com,Male,186.149.107.189
706,Walliw,Mulberry,wmulberryjl@redcross.org,Female,224.228.80.253
707,Tripp,Weedenburg,tweedenburgjm@usa.gov,Male,229.87.110.84
708,Mathew,Cassie,mcassiejn@mail.ru,Male,144.58.235.149
709,Stormy,O'Grogane,sogroganejo@sbwire.com,Female,4.108.187.50
710,Andrea,Calan,acalanjp@mysql.com,Male,125.61.210.41
711,Avigdor,MacPaden,amacpadenjq@shop-pro.jp,Male,164.55.211.2
712,Shelba,Kippie,skippiejr@edublogs.org,Female,136.14.169.118
713,Lotte,Bloodworth,lbloodworthjs@japanpost.jp,Female,47.98.154.186
714,Northrop,Jervis,njervisjt@netvibes.com,Male,4.13.200.109
715,Janetta,Philbrook,jphilbrookju@geocities.jp,Female,252.196.252.157
716,Godfree,Chadband,gchadbandjv@epa.gov,Male,45.174.177.215
717,Augusta,Gisbey,agisbeyjw@china.com.cn,Female,54.39.212.211
718,Monroe,Blinckhorne,mblinckhornejx@google.ca,Male,183.99.4.173
719,Skippy,Teodori,steodorijy@auda.org.au,Male,154.141.60.36
720,Ian,Jeannel,ijeanneljz@over-blog.com,Male,213.39.136.120
721,Kamillah,Mattusov,kmattusovk0@instagram.com,Genderfluid,197.219.79.203
722,Luke,Massey,lmasseyk1@arstechnica.com,Male,108.107.45.100
723,See,Pawlyn,spawlynk2@sbwire.com,Male,191.44.222.171
724,Melamie,Ditty,mdittyk3@cdbaby.com,Female,207.208.202.182
725,Cornelle,Shelf,cshelfk4@apple.com,Female,216.98.73.245
726,Opaline,Teasdale,oteasdalek5@paypal.com,Female,42.7.131.56
727,Enrique,Taberer,etabererk6@mail.ru,Male,113.166.133.208
728,Alexander,Volant,avolantk7@hatena.ne.jp,Male,7.141.192.125
729,Packston,Reek,preekk8@oakley.com,Male,66.226.202.179
730,Chick,Grandison,cgrandisonk9@wikia.com,Male,6.238.76.67
731,Bryana,Ivanyutin,bivanyutinka@freewebs.com,Female,237.94.181.57
732,Benita,Boor,bboorkb@dagondesign.com,Female,204.39.75.197
733,Juli,Kimberley,jkimberleykc@ucoz.ru,Female,95.103.2.240
734,Meryl,Frangello,mfrangellokd@cam.ac.uk,Agender,10.224.173.186
735,Filip,Martill,fmartillke@example.com,Male,150.20.132.13
736,Maxie,Tille,mtillekf@ted.com,Female,158.91.99.132
737,Goldie,Mundee,gmundeekg@delicious.com,Female,212.63.50.219
738,Barr,Younger,byoungerkh@arstechnica.com,Male,9.85.155.39
739,Dru,Bayle,dbayleki@goo.gl,Male,169.106.230.39
740,Wenona,Gouda,wgoudakj@linkedin.com,Female,23.176.71.206
741,Vonnie,Burdett,vburdettkk@sciencedirect.com,Female,55.81.221.150
742,Philippa,Kiddell,pkiddellkl@deliciousdays.com,Female,46.196.85.156
743,Cecil,O'Crevan,cocrevankm@prweb.com,Female,213.85.185.229
744,Lisetta,Dodding,ldoddingkn@gmpg.org,Female,165.36.44.49
745,Jacenta,Desquesnes,jdesquesnesko@npr.org,Bigender,137.184.219.13
746,Enid,Jager,ejagerkp@stumbleupon.com,Polygender,244.24.92.148
747,Rainer,Di Filippo,rdifilippokq@imageshack.us,Male,16.199.148.148
748,Augustus,Ilyinykh,ailyinykhkr@squarespace.com,Male,20.242.229.102
749,Niel,Coram,ncoramks@pen.io,Male,70.78.238.5
750,Lora,Gaither,lgaitherkt@dailymail.co.uk,Female,159.123.233.215
751,Skippie,Bauldry,sbauldryku@columbia.edu,Non-binary,130.91.223.169
752,Berry,Coombes,bcoombeskv@simplemachines.org,Female,222.236.29.224
753,Murial,Shegog,mshegogkw@php.net,Female,234.107.146.14
754,Averill,Fanner,afannerkx@imageshack.us,Male,101.19.77.103
755,Sascha,Sheber,ssheberky@shinystat.com,Male,37.59.223.243
756,Devon,Ferfulle,dferfullekz@devhub.com,Female,252.38.120.147
757,Latisha,Casol,lcasoll0@tumblr.com,Female,2.248.90.242
758,Kin,Bladder,kbladderl1@miibeian.gov.cn,Male,201.32.113.91
759,Wendeline,Mackelworth,wmackelworthl2@xinhuanet.com,Female,21.235.182.231
760,Skip,Powdrill,spowdrilll3@dion.ne.jp,Male,150.192.59.1
761,Rhianon,Ashtonhurst,rashtonhurstl4@npr.org,Female,71.213.79.136
762,Cristie,Gregory,cgregoryl5@flavors.me,Female,165.195.49.114
763,Randene,Scatcher,rscatcherl6@harvard.edu,Female,61.70.19.51
764,Sherrie,Shadbolt,sshadboltl7@walmart.com,Female,185.247.72.172
765,Chaim,Mantz,cmantzl8@reference.com,Male,125.232.200.39
766,Giusto,Duggen,gduggenl9@hud.gov,Male,169.74.183.91
767,Jarrad,Pimbley,jpimbleyla@spiegel.de,Male,191.105.49.147
768,Coop,Salazar,csalazarlb@aol.com,Male,227.11.154.152
769,Jeremias,Slight,jslightlc@free.fr,Male,94.169.218.121
770,Arturo,Phythien,aphythienld@youku.com,Genderqueer,73.148.137.125
771,Rufus,Khadir,rkhadirle@elpais.com,Male,64.1.56.158
772,Hermon,Tyrrell,htyrrelllf@alexa.com,Male,100.251.180.13
773,Sigfried,Calles,scalleslg@go.com,Male,118.178.136.233
774,Gray,Noyce,gnoycelh@taobao.com,Male,159.101.222.180
775,Kinnie,Cestard,kcestardli@reddit.com,Male,191.179.254.213
776,Rogers,Piddlesden,rpiddlesdenlj@bluehost.com,Male,21.150.86.43
777,Lorraine,Orringe,lorringelk@newsvine.com,Female,250.79.79.4
778,Jess,Poytres,jpoytresll@blog.com,Female,106.150.206.72
779,Renaldo,Lipscombe,rlipscombelm@flavors.me,Genderqueer,224.110.58.200
780,Isabella,Mosson,imossonln@craigslist.org,Female,43.94.107.35
781,Shina,Pierpoint,spierpointlo@aboutads.info,Female,106.183.244.181
782,Bambie,Micallef,bmicalleflp@histats.com,Female,216.50.56.26
783,Elna,Berrington,eberringtonlq@buzzfeed.com,Female,158.4.25.47
784,Ethelbert,Walkling,ewalklinglr@jalbum.net,Male,249.159.64.9
785,Celestine,Garatty,cgarattyls@cnn.com,Female,239.195.110.205
786,Jess,Aspden,jaspdenlt@samsung.com,Non-binary,148.237.248.68
787,Emelen,Urlich,eurlichlu@sourceforge.net,Male,77.123.243.189
788,Catie,Sickert,csickertlv@blogtalkradio.com,Female,130.31.240.87
789,Sibylla,Pannaman,spannamanlw@rakuten.co.jp,Female,250.231.160.200
790,Abigail,Kubis,akubislx@dedecms.com,Female,64.200.104.111
791,Samara,Wreiford,swreifordly@un.org,Female,197.39.158.178
792,Jennica,Selborne,jselbornelz@rakuten.co.jp,Female,68.206.245.227
793,Ronny,Bowne,rbownem0@digg.com,Female,39.221.161.105
794,Barbara-anne,Drains,bdrainsm1@skype.com,Female,76.239.231.216
795,Heather,Upstell,hupstellm2@mapquest.com,Female,47.20.165.221
796,Gertruda,Fludgate,gfludgatem3@reference.com,Female,248.133.105.30
797,Natty,Jefferys,njefferysm4@qq.com,Female,118.6.185.238
798,Vern,Sumbler,vsumblerm5@github.io,Male,41.236.148.238
799,Chicky,Benner,cbennerm6@qq.com,Male,176.178.235.22
800,Natala,Janczewski,njanczewskim7@exblog.jp,Female,38.243.110.176
801,Tomi,Sibray,tsibraym8@google.fr,Female,99.70.151.10
802,Duffie,Thornhill,dthornhillm9@loc.gov,Male,81.42.127.215
803,Burnard,Fordy,bfordyma@histats.com,Male,0.4.194.25
804,Bailie,Follit,bfollitmb@netvibes.com,Male,181.15.35.45
805,Ody,Milsap,omilsapmc@godaddy.com,Male,21.55.100.121
806,Morris,Nockles,mnocklesmd@yale.edu,Male,186.90.232.241
807,Darbee,Goakes,dgoakesme@engadget.com,Male,94.114.154.167
808,Marie-ann,Fenby,mfenbymf@umich.edu,Female,126.221.66.1
809,Dawn,Ferrar,dferrarmg@prlog.org,Female,214.203.177.60
810,Stephie,de Savery,sdesaverymh@cocolog-nifty.com,Female,181.128.105.80
811,Merrill,Rickaert,mrickaertmi@ibm.com,Male,22.126.26.236
812,Luciana,Forber,lforbermj@slashdot.org,Female,24.238.56.210
813,Zackariah,Pollicott,zpollicottmk@businessinsider.com,Male,56.20.143.247
814,Jessalyn,Epsly,jepslyml@privacy.gov.au,Female,188.242.155.220
815,Fredericka,Rigney,frigneymm@squarespace.com,Female,228.254.55.192
816,Roxine,Merring,rmerringmn@indiegogo.com,Female,50.93.251.157
817,Herve,Cockerill,hcockerillmo@ebay.co.uk,Male,219.137.232.19
818,Jocelyn,Winckworth,jwinckworthmp@xing.com,Female,55.138.7.117
819,Dieter,Westley,dwestleymq@eepurl.com,Male,220.79.34.73
820,Levy,Bowditch,lbowditchmr@clickbank.net,Male,201.189.138.99
821,Beale,Ceely,bceelyms@google.it,Agender,210.58.48.90
822,Bibby,Rammell,brammellmt@apache.org,Female,207.5.247.172
823,Hunt,Olrenshaw,holrenshawmu@infoseek.co.jp,Male,69.239.199.76
824,Pip,McCafferky,pmccafferkymv@wikipedia.org,Male,222.203.121.236
825,Ignatius,Fried,ifriedmw@multiply.com,Male,134.136.49.169
826,Francesca,Fordham,ffordhammx@chron.com,Female,178.117.126.254
827,Tiff,Dee,tdeemy@va.gov,Bigender,66.32.23.185
828,Zackariah,Speight,zspeightmz@whitehouse.gov,Male,194.87.129.188
829,Layton,Syme,lsymen0@jiathis.com,Male,140.152.217.245
830,Netty,Lamzed,nlamzedn1@washingtonpost.com,Polygender,138.190.117.158
831,Brooke,Lillyman,blillymann2@rambler.ru,Genderfluid,155.209.118.84
832,Fabiano,Sabbins,fsabbinsn3@chronoengine.com,Male,245.131.128.96
833,Fairlie,O'Hickey,fohickeyn4@cbsnews.com,Non-binary,238.35.17.205
834,Elsy,Kingston,ekingstonn5@cloudflare.com,Agender,114.23.156.72
835,Daniela,Prettyjohns,dprettyjohnsn6@ihg.com,Female,244.222.113.251
836,Ingrid,Enderle,ienderlen7@dedecms.com,Female,227.242.18.117
837,Luise,Sproule,lsproulen8@alexa.com,Genderfluid,186.219.188.172
838,Frannie,Goldstraw,fgoldstrawn9@cisco.com,Male,18.10.86.106
839,Hieronymus,Iacovelli,hiacovellina@cocolog-nifty.com,Male,212.24.83.68
840,Jakob,Phillpotts,jphillpottsnb@printfriendly.com,Male,213.81.106.56
841,Franny,Aveling,favelingnc@amazon.com,Male,180.30.160.112
842,Gris,Luckcuck,gluckcucknd@sfgate.com,Male,27.27.241.254
843,Simmonds,Deegin,sdeeginne@howstuffworks.com,Male,250.140.159.249
844,Darren,Brushfield,dbrushfieldnf@diigo.com,Male,18.79.92.216
845,Baudoin,Englishby,benglishbyng@stanford.edu,Male,212.67.124.49
846,Tommy,Mitro,tmitronh@sogou.com,Female,236.225.144.70
847,Creigh,Karpmann,ckarpmannni@archive.org,Male,62.219.82.90
848,Morry,Tattersdill,mtattersdillnj@google.de,Male,255.242.186.254
849,Dorris,McAneny,dmcanenynk@vk.com,Female,123.239.84.225
850,Martina,Bayliss,mbaylissnl@opensource.org,Female,17.61.114.231
851,Thor,Behnke,tbehnkenm@hibu.com,Male,204.108.233.246
852,Hanni,Bearns,hbearnsnn@ifeng.com,Female,167.15.21.130
853,August,Twigg,atwiggno@yale.edu,Male,155.38.21.142
854,Laney,Solon,lsolonnp@creativecommons.org,Female,65.188.238.106
855,Viviene,Bosence,vbosencenq@sciencedaily.com,Genderqueer,20.145.29.184
856,Rube,Cordeau,rcordeaunr@issuu.com,Genderqueer,78.69.158.199
857,Dela,Troker,dtrokerns@seattletimes.com,Female,158.194.72.58
858,Bordy,Larive,blarivent@usa.gov,Male,202.156.146.37
859,Alwin,Tummond,atummondnu@pinterest.com,Male,190.200.33.136
860,Wilburt,Osgar,wosgarnv@behance.net,Male,10.114.221.118
861,Lois,Iles,lilesnw@ezinearticles.com,Female,109.2.220.148
862,Lauri,Horsley,lhorsleynx@delicious.com,Female,109.112.244.63
863,Janeczka,McNulty,jmcnultyny@free.fr,Female,231.148.65.7
864,Sophia,Wych,swychnz@disqus.com,Female,136.81.236.34
865,Jordain,Surmeir,jsurmeiro0@umich.edu,Female,45.149.82.112
866,Brad,Arrol,barrolo1@eventbrite.com,Male,32.56.208.24
867,Cornelle,McFaul,cmcfaulo2@ucla.edu,Female,60.156.85.87
868,Ringo,Antat,rantato3@diigo.com,Male,28.215.143.166
869,Colet,McCusker,cmccuskero4@squarespace.com,Male,203.232.171.135
870,Olag,Snoxall,osnoxallo5@cocolog-nifty.com,Male,200.199.113.212
871,Lissie,Crunden,lcrundeno6@noaa.gov,Female,244.70.175.222
872,Poul,Vowdon,pvowdono7@stanford.edu,Male,195.172.197.174
873,Iver,Petegree,ipetegreeo8@netscape.com,Male,140.135.197.99
874,Keeley,Novill,knovillo9@is.gd,Female,72.146.34.200
875,Nonnah,Delafont,ndelafontoa@youtu.be,Female,116.240.153.255
876,Branden,Lightbown,blightbownob@fotki.com,Male,14.123.109.51
877,Sadie,Fance,sfanceoc@meetup.com,Female,22.68.209.179
878,Reginald,Brood,rbroodod@sogou.com,Male,136.58.111.227
879,Izak,Fittes,ifittesoe@hp.com,Male,124.33.185.208
880,Diandra,Worley,dworleyof@irs.gov,Female,142.196.15.186
881,Artemis,Robertazzi,arobertazziog@multiply.com,Male,186.106.98.77
882,Nita,Screwton,nscrewtonoh@china.com.cn,Female,101.229.164.219
883,Cass,Ingham,cinghamoi@plala.or.jp,Male,200.79.241.104
884,Donalt,Uttridge,duttridgeoj@webnode.com,Male,55.10.123.136
885,Mischa,Drinkwater,mdrinkwaterok@webeden.co.uk,Male,129.17.56.207
886,Luz,Thomen,lthomenol@sun.com,Female,0.242.248.53
887,Vivianna,Groven,vgrovenom@com.com,Female,34.213.244.119
888,Anet,Andri,aandrion@sitemeter.com,Female,142.58.137.23
889,Bartholomeus,Gritsunov,bgritsunovoo@nasa.gov,Agender,204.236.68.127
890,Eve,Crose,ecroseop@baidu.com,Genderqueer,20.143.32.120
891,Glynn,Bedell,gbedelloq@utexas.edu,Male,46.227.72.179
892,Arda,Frodsam,afrodsamor@berkeley.edu,Female,39.204.149.36
893,Marcelle,Brennand,mbrennandos@eepurl.com,Female,239.133.153.146
894,Chastity,Neeson,cneesonot@chronoengine.com,Female,253.72.223.180
895,Leila,Papes,lpapesou@uiuc.edu,Female,101.156.54.9
896,Crawford,Gounot,cgounotov@arstechnica.com,Male,34.111.44.247
897,Lefty,Castaner,lcastanerow@alexa.com,Male,178.112.66.51
898,Bette,Scoyles,bscoylesox@smugmug.com,Female,119.46.182.137
899,Gnni,Rushbury,grushburyoy@photobucket.com,Female,198.127.200.141
900,Sam,Jodlkowski,sjodlkowskioz@elegantthemes.com,Male,147.184.248.64
901,Fredia,Bullas,fbullasp0@flavors.me,Female,134.170.64.193
902,Victoir,Weeke,vweekep1@noaa.gov,Male,148.28.37.244
903,Cobb,Reeson,creesonp2@mediafire.com,Male,161.248.19.146
904,Cristy,Corteney,ccorteneyp3@homestead.com,Bigender,41.84.156.168
905,Alaric,Kopacek,akopacekp4@nih.gov,Male,227.108.205.38
906,James,Tarte,jtartep5@seesaa.net,Male,56.154.75.107
907,Flss,Moneypenny,fmoneypennyp6@rediff.com,Female,193.72.220.181
908,Odey,McCrystal,omccrystalp7@google.de,Male,160.110.254.80
909,Ebony,Jaszczak,ejaszczakp8@craigslist.org,Female,77.76.219.9
910,Cassandra,Palffrey,cpalffreyp9@dmoz.org,Female,121.235.186.114
911,Ephraim,Hellewell,ehellewellpa@technorati.com,Polygender,79.51.121.96
912,Claire,Formby,cformbypb@google.co.jp,Female,238.147.254.133
913,Ave,Riddick,ariddickpc@ning.com,Male,171.235.11.223
914,Sunny,Aldis,saldispd@creativecommons.org,Female,159.231.25.230
915,Ody,Dumphrey,odumphreype@tiny.cc,Male,209.250.236.8
916,Misty,Malimoe,mmalimoepf@goo.gl,Female,225.91.67.199
917,Kristoffer,Infantino,kinfantinopg@nature.com,Male,69.37.169.19
918,Alic,Myott,amyottph@meetup.com,Non-binary,223.170.82.182
919,Hannah,Assiratti,hassirattipi@cam.ac.uk,Female,94.116.119.83
920,Shaylynn,Caig,scaigpj@irs.gov,Female,164.250.111.88
921,Delaney,Squibbs,dsquibbspk@facebook.com,Male,97.25.127.94
922,Sonnnie,Grinov,sgrinovpl@scientificamerican.com,Female,127.13.195.63
923,Skipp,Wallbank,swallbankpm@multiply.com,Bigender,135.148.41.125
924,See,Shilladay,sshilladaypn@com.com,Male,158.63.107.56
925,Maximilianus,Yakebowitch,myakebowitchpo@vkontakte.ru,Male,253.20.189.162
926,Caitrin,Athelstan,cathelstanpp@state.tx.us,Female,156.144.159.91
927,Amerigo,Fairnie,afairniepq@feedburner.com,Male,89.188.183.159
928,Karina,Kuzma,kkuzmapr@wunderground.com,Female,112.124.27.180
929,Jolyn,Hargitt,jhargittps@spotify.com,Female,192.100.96.192
930,Kaile,Bayldon,kbayldonpt@utexas.edu,Female,10.213.72.129
931,Selestina,McLeish,smcleishpu@ocn.ne.jp,Female,89.2.29.211
932,Anderea,Blinman,ablinmanpv@delicious.com,Female,88.100.195.92
933,Xenos,McCarter,xmccarterpw@hc360.com,Male,98.76.4.210
934,York,Kort,ykortpx@skype.com,Male,226.201.54.26
935,Perceval,Brothers,pbrotherspy@cbsnews.com,Male,59.66.20.83
936,Heath,Chattelaine,hchattelainepz@smugmug.com,Female,81.214.1.222
937,Michelle,Wolfer,mwolferq0@slate.com,Female,63.10.231.171
938,Marcello,Dyshart,mdyshartq1@slideshare.net,Male,183.15.233.1
939,Ethelred,Salvati,esalvatiq2@rambler.ru,Male,22.223.110.211
940,Erena,Gennings,egenningsq3@fastcompany.com,Female,195.177.175.218
941,Cristabel,Earnshaw,cearnshawq4@usgs.gov,Female,25.151.138.189
942,Vernen,Pauli,vpauliq5@123-reg.co.uk,Non-binary,201.80.36.136
943,Giacomo,Davidsson,gdavidssonq6@ycombinator.com,Male,198.11.79.18
944,Ham,Smeaton,hsmeatonq7@dell.com,Male,107.194.192.1
945,Abbe,Kardos,akardosq8@studiopress.com,Female,82.240.210.55
946,Connor,de'-Ancy Willis,cdeancywillisq9@about.me,Male,216.230.62.205
947,Gilberte,Littledyke,glittledykeqa@nationalgeographic.com,Female,194.125.108.247
948,Mycah,Torricina,mtorricinaqb@so-net.ne.jp,Male,233.40.103.18
949,Emma,Churchley,echurchleyqc@usnews.com,Polygender,242.133.128.10
950,Chad,Belford,cbelfordqd@drupal.org,Male,51.105.245.180
951,Daisie,Maides,dmaidesqe@dmoz.org,Female,104.202.161.178
952,Whitaker,Losseljong,wlosseljongqf@bluehost.com,Male,248.215.91.47
953,Kerrie,Iacoviello,kiacovielloqg@earthlink.net,Female,87.137.184.170
954,Wendy,Shrigley,wshrigleyqh@google.ru,Female,142.161.39.98
955,Audry,Sherred,asherredqi@purevolume.com,Bigender,125.68.220.169
956,Cyrillus,Garbett,cgarbettqj@cam.ac.uk,Male,29.7.204.143
957,Briant,Lude,bludeqk@google.ru,Male,31.1.107.250
958,Robbi,Redd,rreddql@oakley.com,Female,170.252.7.33
959,Natal,Rowson,nrowsonqm@scientificamerican.com,Male,244.84.94.11
960,Willa,Collinge,wcollingeqn@devhub.com,Female,43.201.219.168
961,Raleigh,Warratt,rwarrattqo@imageshack.us,Polygender,96.235.222.20
962,Elliot,McCambridge,emccambridgeqp@ted.com,Male,19.129.218.57
963,Barny,Barbery,bbarberyqq@networksolutions.com,Male,68.4.253.18
964,Caprice,Philimore,cphilimoreqr@opera.com,Female,110.166.78.67
965,Filide,Noen,fnoenqs@salon.com,Female,111.152.118.99
966,Giovanni,Rottenbury,grottenburyqt@nifty.com,Male,134.235.222.119
967,Yule,Vigurs,yvigursqu@unicef.org,Male,85.124.231.234
968,Elizabeth,Boot,ebootqv@exblog.jp,Female,171.100.127.146
969,Julie,Rayman,jraymanqw@networksolutions.com,Female,63.138.183.204
970,Nolan,Haverson,nhaversonqx@last.fm,Male,71.104.31.54
971,John,Watkiss,jwatkissqy@tmall.com,Male,108.244.19.33
972,Blithe,Jacqueminet,bjacqueminetqz@umich.edu,Female,58.153.122.31
973,Sidonia,Chaimson,schaimsonr0@yandex.ru,Female,53.33.194.64
974,Delmer,Sweetnam,dsweetnamr1@si.edu,Male,235.77.190.198
975,Donna,Archambault,darchambaultr2@google.fr,Female,56.157.202.97
976,Artemas,Gellately,agellatelyr3@creativecommons.org,Male,223.158.137.21
977,Rosabella,Axten,raxtenr4@usnews.com,Female,200.128.118.50
978,Waylon,Strase,wstraser5@sakura.ne.jp,Genderqueer,91.186.254.90
979,Salome,Pates,spatesr6@surveymonkey.com,Female,20.65.205.164
980,Davide,Gullick,dgullickr7@wufoo.com,Male,60.42.184.217
981,Gena,Bellis,gbellisr8@ucoz.ru,Agender,159.215.83.116
982,Bordie,Leman,blemanr9@fda.gov,Male,170.65.225.89
983,Bert,Bayless,bbaylessra@wikia.com,Female,69.114.221.107
984,Franny,O' Lone,folonerb@dmoz.org,Bigender,97.166.110.233
985,Bruis,Baumber,bbaumberrc@newyorker.com,Male,104.230.128.68
986,Otto,Elliss,oellissrd@cornell.edu,Male,245.176.187.89
987,Hadley,Tanslie,htansliere@quantcast.com,Male,175.252.6.14
988,Margo,Dearth,mdearthrf@jalbum.net,Female,94.204.6.122
989,Anjanette,Nesbeth,anesbethrg@forbes.com,Female,223.61.114.217
990,Huntington,Shatford,hshatfordrh@flickr.com,Male,214.217.19.12
991,Porty,Conring,pconringri@blogtalkradio.com,Male,242.139.121.121
992,Pia,Keller,pkellerrj@spiegel.de,Female,222.223.186.75
993,Aurelie,Ollerhead,aollerheadrk@google.es,Female,233.208.174.223
994,Kariotta,Goldsby,kgoldsbyrl@mediafire.com,Female,253.35.122.41
995,Ali,Santi,asantirm@google.com.au,Female,119.248.125.179
996,Lon,Chill,lchillrn@dot.gov,Male,137.58.234.121
997,Portie,Hankin,phankinro@umn.edu,Male,240.171.111.164
998,Cort,Skillings,cskillingsrp@tumblr.com,Male,164.26.187.9
999,Betti,Fetherstan,bfetherstanrq@ebay.com,Female,193.146.38.166
1000,Rudy,Gierke,rgierkerr@squidoo.com,Male,87.190.244.76
